File,Year,Average Data,Is Leap Year
23 best from 1104 c.xlsx,1981,4.5104892367890415,False
23 best from 1104 c.xlsx,1982,4.589980430531507,False
23 best from 1104 c.xlsx,1983,4.758878016969862,False
23 best from 1104 c.xlsx,1984,5.763270882128415,True
23 best from 1104 c.xlsx,1985,5.571154598827397,False
23 best from 1104 c.xlsx,1986,4.356438356164383,False
23 best from 1104 c.xlsx,1987,5.693972602739726,False
23 best from 1104 c.xlsx,1988,4.437431693989072,True
23 best from 1104 c.xlsx,1989,3.909986953687671,False
23 best from 1104 c.xlsx,1990,5.188688845421917,False
23 best from 1104 c.xlsx,1991,4.173698630136986,False
23 best from 1104 c.xlsx,1992,4.4579234972677595,True
23 best from 1104 c.xlsx,1993,2.8936986301369862,False
23 best from 1104 c.xlsx,1994,4.075016307912328,False
23 best from 1104 c.xlsx,1995,3.8715212002493145,False
23 best from 1104 c.xlsx,1996,4.465364298724044,True
23 best from 1104 c.xlsx,1997,3.22774298759726,False
23 best from 1104 c.xlsx,1998,4.1937990867671235,False
23 best from 1104 c.xlsx,1999,3.378163078961644,False
23 best from 1104 c.xlsx,2000,2.7739422326366117,True
23 best from 1104 c.xlsx,2001,1.5824657534246576,False
23 best from 1104 c.xlsx,2002,2.0170084801150687,False
23 best from 1104 c.xlsx,2003,1.6997795172575343,False
233 best from 922 c.xlsx,1983,3.2602035225095887,False
233 best from 922 c.xlsx,1984,4.229146500125683,True
233 best from 922 c.xlsx,1985,8.35285061970685,False
233 best from 922 c.xlsx,1986,4.071213307243836,False
233 best from 922 c.xlsx,1987,5.488454011742466,False
233 best from 922 c.xlsx,1988,3.872097645054645,True
233 best from 922 c.xlsx,1989,3.249041095890411,False
233 best from 922 c.xlsx,1990,3.268219178082192,False
233 best from 922 c.xlsx,1991,2.9019178082191783,False
233 best from 922 c.xlsx,1992,3.070218579234973,True
233 best from 922 c.xlsx,1993,3.754794520547946,False
233 best from 922 c.xlsx,1994,2.782739726027397,False
233 best from 922 c.xlsx,1995,3.489041095890411,False
233 best from 922 c.xlsx,1996,4.225956284153005,True
233 best from 922 c.xlsx,1997,3.3435616438356166,False
233 best from 922 c.xlsx,1998,4.66027397260274,False
233 best from 922 c.xlsx,1999,4.501643835616438,False
233 best from 922 c.xlsx,2000,3.9672131147540983,True
233 best from 922 c.xlsx,2001,4.187945205479452,False
233 best from 922 c.xlsx,2002,4.445479452054794,False
233 best from 922 c.xlsx,2003,4.142739726027397,False
233 best from 922 c.xlsx,2004,5.277322404371585,True
233 best from 922 c.xlsx,2005,2.0065753424657533,False
24 best from 1118 c.xlsx,1986,3.9846575342465758,False
24 best from 1118 c.xlsx,1987,6.810136986301369,False
24 best from 1118 c.xlsx,1988,3.9504879000765025,True
24 best from 1118 c.xlsx,1989,2.9104109589041096,False
24 best from 1118 c.xlsx,1990,3.7852054794520544,False
24 best from 1118 c.xlsx,1991,3.0931506849315067,False
24 best from 1118 c.xlsx,1992,2.747814207650273,True
24 best from 1118 c.xlsx,1993,3.348219178082192,False
24 best from 1118 c.xlsx,1994,3.0153424657534242,False
24 best from 1118 c.xlsx,1995,3.345205479452055,False
24 best from 1118 c.xlsx,1996,4.2051912568306005,True
24 best from 1118 c.xlsx,1997,4.518356164383562,False
24 best from 1118 c.xlsx,1998,5.343561643835615,False
24 best from 1118 c.xlsx,1999,5.044931506849315,False
24 best from 1118 c.xlsx,2000,3.831147540983606,True
24 best from 1118 c.xlsx,2001,5.726027397260274,False
24 best from 1118 c.xlsx,2002,5.304109589041096,False
24 best from 1118 c.xlsx,2003,5.246986301369863,False
24 best from 1118 c.xlsx,2004,4.516666666666667,True
24 best from 1118 c.xlsx,2005,4.135556099158904,False
24 best from 1118 c.xlsx,2006,4.053470319643836,False
24 best from 1118 c.xlsx,2007,5.654354207430137,False
24 best from 1118 c.xlsx,2008,3.1117827868852457,True
24 best from 1118 c.xlsx,2009,0.7276027397260274,False
26 best from 813 c.xlsx,1985,12.524416177424657,False
26 best from 813 c.xlsx,1986,11.396262230936985,False
26 best from 813 c.xlsx,1987,11.801643835616439,False
26 best from 813 c.xlsx,1988,16.14316939890711,True
26 best from 813 c.xlsx,1989,11.113698630136986,False
26 best from 813 c.xlsx,1990,14.157808219178083,False
26 best from 813 c.xlsx,1991,9.318904109589043,False
26 best from 813 c.xlsx,1992,10.740983606557377,True
26 best from 813 c.xlsx,1993,7.143561643835617,False
26 best from 813 c.xlsx,1994,9.701643835616439,False
26 best from 813 c.xlsx,1995,8.777123287671232,False
26 best from 813 c.xlsx,1996,7.320765027322404,True
26 best from 813 c.xlsx,1997,11.700547945205479,False
26 best from 813 c.xlsx,1998,14.583287671232878,False
26 best from 813 c.xlsx,1999,12.84054794520548,False
26 best from 813 c.xlsx,2000,10.49535519125683,True
26 best from 813 c.xlsx,2001,14.537534246575339,False
26 best from 813 c.xlsx,2002,12.776438356164386,False
26 best from 813 c.xlsx,2003,11.365205479452053,False
26 best from 813 c.xlsx,2004,9.664207650273223,True
26 best from 813 c.xlsx,2005,11.867195585863012,False
26 best from 813 c.xlsx,2006,8.015616438356163,False
26 best from 813 c.xlsx,2007,10.4586301369863,False
26 best from 813 c.xlsx,2008,10.196448087431696,True
26 best from 813 c.xlsx,2009,9.953150684931508,False
26 best from 813 c.xlsx,2010,12.996438356164383,False
28 best from 1002 c.xlsx,1981,7.551177973460273,False
28 best from 1002 c.xlsx,1982,9.652480974123286,False
28 best from 1002 c.xlsx,1983,8.14915796910959,False
28 best from 1002 c.xlsx,1984,8.793808005896176,True
28 best from 1002 c.xlsx,1985,5.074575994761643,False
28 best from 1002 c.xlsx,1986,6.3226011089506855,False
28 best from 1002 c.xlsx,1987,8.856559578169863,False
28 best from 1002 c.xlsx,1988,7.938487184459016,True
28 best from 1002 c.xlsx,1989,7.318662209142466,False
28 best from 1002 c.xlsx,1990,9.040949662964383,False
28 best from 1002 c.xlsx,1991,7.794241139378083,False
28 best from 1002 c.xlsx,1992,5.1729378090109295,True
28 best from 1002 c.xlsx,1993,9.63240867580274,False
28 best from 1002 c.xlsx,1994,7.226702000410959,False
28 best from 1002 c.xlsx,1995,8.509486301367124,False
28 best from 1002 c.xlsx,1996,10.004971159680329,True
28 best from 1002 c.xlsx,1997,5.335513155060275,False
28 best from 1002 c.xlsx,1998,7.398405631660275,False
28 best from 1002 c.xlsx,1999,7.675637095010959,False
28 best from 1002 c.xlsx,2000,6.971568978232241,True
28 best from 1002 c.xlsx,2001,6.851330180463013,False
28 best from 1002 c.xlsx,2002,7.033892150441095,False
28 best from 1002 c.xlsx,2003,7.054982604912329,False
28 best from 1002 c.xlsx,2004,7.345169247117486,True
28 best from 1002 c.xlsx,2005,4.917203196347946,False
28 best from 1002 c.xlsx,2006,4.997043378994521,False
28 best from 1002 c.xlsx,2007,5.248221896084931,False
28 best from 1002 c.xlsx,2008,5.826726082043715,True
29 best from 1005 c.xlsx,1981,8.38027397260274,False
29 best from 1005 c.xlsx,1982,5.052054794520548,False
29 best from 1005 c.xlsx,1983,7.273698630136986,False
29 best from 1005 c.xlsx,1984,9.633333333333335,True
29 best from 1005 c.xlsx,1985,6.185753424657535,False
29 best from 1005 c.xlsx,1986,7.55945205479452,False
29 best from 1005 c.xlsx,1987,7.711506849315068,False
29 best from 1005 c.xlsx,1988,5.465027322404372,True
29 best from 1005 c.xlsx,1989,4.533972602739726,False
29 best from 1005 c.xlsx,1990,7.39013698630137,False
29 best from 1005 c.xlsx,1991,4.203561643835617,False
29 best from 1005 c.xlsx,1992,3.8333333333333335,True
29 best from 1005 c.xlsx,1993,4.710136986301371,False
29 best from 1005 c.xlsx,1994,3.543287671232877,False
29 best from 1005 c.xlsx,1995,5.486316046969862,False
29 best from 1005 c.xlsx,1996,5.194769711163935,True
29 best from 1005 c.xlsx,1997,5.262146118698631,False
29 best from 1005 c.xlsx,1998,5.781276908016439,False
29 best from 1005 c.xlsx,1999,7.501422048284931,False
29 best from 1005 c.xlsx,2000,6.288566874838798,True
29 best from 1005 c.xlsx,2001,6.224225375095891,False
29 best from 1005 c.xlsx,2002,5.948031637304109,False
29 best from 1005 c.xlsx,2003,6.523683953027397,False
29 best from 1005 c.xlsx,2004,5.7283925318907105,True
29 best from 1005 c.xlsx,2005,4.434719504268493,False
29 best from 1005 c.xlsx,2006,5.067388780115068,False
29 best from 1005 c.xlsx,2007,5.5019178082,False
29 best from 1005 c.xlsx,2008,5.561272443404372,True
29 best from 1005 c.xlsx,2009,4.578196347043836,False
29 best from 1102 c.xlsx,1981,5.450958904109589,False
29 best from 1102 c.xlsx,1982,5.002465753424657,False
29 best from 1102 c.xlsx,1983,4.864657534246576,False
29 best from 1102 c.xlsx,1984,5.564220660937159,True
29 best from 1102 c.xlsx,1985,7.440273972602739,False
29 best from 1102 c.xlsx,1986,4.836712328767123,False
29 best from 1102 c.xlsx,1987,5.930684931506849,False
29 best from 1102 c.xlsx,1988,4.9046448087431695,True
29 best from 1102 c.xlsx,1989,4.798356164383562,False
29 best from 1102 c.xlsx,1990,4.646301369863013,False
29 best from 1102 c.xlsx,1991,4.793525114153425,False
29 best from 1102 c.xlsx,1992,4.238934426229508,True
29 best from 1102 c.xlsx,1993,5.613150684931507,False
29 best from 1102 c.xlsx,1994,5.503378995432877,False
29 best from 1102 c.xlsx,1995,6.079452054794521,False
29 best from 1102 c.xlsx,1996,5.93879781420765,True
29 best from 1102 c.xlsx,1997,5.006849315068493,False
29 best from 1102 c.xlsx,1998,6.621689497717808,False
29 best from 1102 c.xlsx,1999,6.961056751468493,False
29 best from 1102 c.xlsx,2000,6.706088992972678,True
29 best from 1102 c.xlsx,2001,6.13945205479452,False
29 best from 1102 c.xlsx,2002,6.803116764512327,False
29 best from 1102 c.xlsx,2003,7.064328767123287,False
29 best from 1102 c.xlsx,2004,5.748907103825138,True
29 best from 1102 c.xlsx,2005,4.245479452054794,False
29 best from 1102 c.xlsx,2006,4.69917808219178,False
29 best from 1102 c.xlsx,2007,5.323150684931507,False
29 best from 1102 c.xlsx,2008,5.316965912049181,True
29 best from 1102 c.xlsx,2009,4.705622961515068,False
29 best from 1110 c.xlsx,1981,4.444486301369862,False
29 best from 1110 c.xlsx,1982,4.297793542076713,False
29 best from 1110 c.xlsx,1983,4.360026092641095,False
29 best from 1110 c.xlsx,1984,6.435354865989071,True
29 best from 1110 c.xlsx,1985,5.753879647753425,False
29 best from 1110 c.xlsx,1986,3.969180800164384,False
29 best from 1110 c.xlsx,1987,7.3075799086849305,False
29 best from 1110 c.xlsx,1988,5.808124620527322,True
29 best from 1110 c.xlsx,1989,4.732701674276713,False
29 best from 1110 c.xlsx,1990,4.747716894978082,False
29 best from 1110 c.xlsx,1991,4.576773211567123,False
29 best from 1110 c.xlsx,1992,3.2689695550355196,True
29 best from 1110 c.xlsx,1993,5.423365949115069,False
29 best from 1110 c.xlsx,1994,3.63445205479452,False
29 best from 1110 c.xlsx,1995,5.216468797564383,False
29 best from 1110 c.xlsx,1996,4.957027929571038,True
29 best from 1110 c.xlsx,1997,4.751272015654794,False
29 best from 1110 c.xlsx,1998,5.553424657534246,False
29 best from 1110 c.xlsx,1999,5.143561643835617,False
29 best from 1110 c.xlsx,2000,3.790163934426229,True
29 best from 1110 c.xlsx,2001,5.859310176126027,False
29 best from 1110 c.xlsx,2002,5.509843444219178,False
29 best from 1110 c.xlsx,2003,4.818938356164384,False
29 best from 1110 c.xlsx,2004,6.3216454159071045,True
29 best from 1110 c.xlsx,2005,4.007945205479452,False
29 best from 1110 c.xlsx,2006,4.405153294208219,False
29 best from 1110 c.xlsx,2007,5.427866927594521,False
29 best from 1110 c.xlsx,2008,4.074043715846995,True
29 best from 1110 c.xlsx,2009,2.644657534246575,False
29 best from 1111 c.xlsx,1981,3.311545988257534,False
29 best from 1111 c.xlsx,1982,1.5904109589041096,False
29 best from 1111 c.xlsx,1983,4.817956621005479,False
29 best from 1111 c.xlsx,1984,4.996174863387979,True
29 best from 1111 c.xlsx,1985,5.311506849315069,False
29 best from 1111 c.xlsx,1986,3.51041095890411,False
29 best from 1111 c.xlsx,1987,6.544383561643836,False
29 best from 1111 c.xlsx,1988,5.625136612021858,True
29 best from 1111 c.xlsx,1989,3.8580821917808215,False
29 best from 1111 c.xlsx,1990,3.7372602739726033,False
29 best from 1111 c.xlsx,1991,2.9871232876712326,False
29 best from 1111 c.xlsx,1992,2.8379098360655743,True
29 best from 1111 c.xlsx,1993,3.935890410958904,False
29 best from 1111 c.xlsx,1994,3.296712328767123,False
29 best from 1111 c.xlsx,1995,3.6624429223780823,False
29 best from 1111 c.xlsx,1996,3.718032786885246,True
29 best from 1111 c.xlsx,1997,4.573493150684931,False
29 best from 1111 c.xlsx,1998,5.744505327263013,False
29 best from 1111 c.xlsx,1999,5.083493150684931,False
29 best from 1111 c.xlsx,2000,4.362166059508196,True
29 best from 1111 c.xlsx,2001,4.998021308975343,False
29 best from 1111 c.xlsx,2002,4.482842465750685,False
29 best from 1111 c.xlsx,2003,5.576139921723287,False
29 best from 1111 c.xlsx,2004,6.019793564054644,True
29 best from 1111 c.xlsx,2005,3.641651445967123,False
29 best from 1111 c.xlsx,2006,3.561986301369863,False
29 best from 1111 c.xlsx,2007,7.022191780821917,False
29 best from 1111 c.xlsx,2008,3.3076502732240436,True
29 best from 1111 c.xlsx,2009,3.628858447487671,False
29 best from 903 c.xlsx,1981,5.652304305284931,False
29 best from 903 c.xlsx,1982,4.919970645791781,False
29 best from 903 c.xlsx,1983,5.39649771689589,False
29 best from 903 c.xlsx,1984,6.628168097852458,True
29 best from 903 c.xlsx,1985,6.702480430523288,False
29 best from 903 c.xlsx,1986,5.841128180027397,False
29 best from 903 c.xlsx,1987,5.097310176123288,False
29 best from 903 c.xlsx,1988,4.315383489461749,True
29 best from 903 c.xlsx,1989,4.753816046958904,False
29 best from 903 c.xlsx,1990,5.584608610567123,False
29 best from 903 c.xlsx,1991,2.4526027397260277,False
29 best from 903 c.xlsx,1992,3.067837626825136,True
29 best from 903 c.xlsx,1993,3.09659980430411,False
29 best from 903 c.xlsx,1994,6.658546966739726,False
29 best from 903 c.xlsx,1995,5.6125587084191775,False
29 best from 903 c.xlsx,1996,4.919994145185792,True
29 best from 903 c.xlsx,1997,5.723269732553425,False
29 best from 903 c.xlsx,1998,6.934246575342466,False
29 best from 903 c.xlsx,1999,8.002294520547947,False
29 best from 903 c.xlsx,2000,6.0260587431694,True
29 best from 903 c.xlsx,2001,6.735748532282192,False
29 best from 903 c.xlsx,2002,6.969523809517809,False
29 best from 903 c.xlsx,2003,7.349486301369863,False
29 best from 903 c.xlsx,2004,6.720008782199454,True
29 best from 903 c.xlsx,2005,5.912020547936986,False
29 best from 903 c.xlsx,2006,5.350781148076712,False
29 best from 903 c.xlsx,2007,8.113664383561645,False
29 best from 903 c.xlsx,2008,4.538690476188525,True
29 best from 903 c.xlsx,2009,5.603038160468493,False
29 best from 909 c.xlsx,1981,5.996438356164383,False
29 best from 909 c.xlsx,1982,4.170136986301371,False
29 best from 909 c.xlsx,1983,3.648712328767124,False
29 best from 909 c.xlsx,1984,5.757650273224044,True
29 best from 909 c.xlsx,1985,8.127123287671232,False
29 best from 909 c.xlsx,1986,5.9443835616438365,False
29 best from 909 c.xlsx,1987,6.5585388127863,False
29 best from 909 c.xlsx,1988,5.36041894352459,True
29 best from 909 c.xlsx,1989,3.8086027397260276,False
29 best from 909 c.xlsx,1990,4.9721265492410955,False
29 best from 909 c.xlsx,1991,5.441598173515069,False
29 best from 909 c.xlsx,1992,3.969368548877049,True
29 best from 909 c.xlsx,1993,4.356377473364383,False
29 best from 909 c.xlsx,1994,3.7311415525095892,False
29 best from 909 c.xlsx,1995,3.684774951073972,False
29 best from 909 c.xlsx,1996,4.369311844032787,True
29 best from 909 c.xlsx,1997,4.92317188519452,False
29 best from 909 c.xlsx,1998,7.805049467271233,False
29 best from 909 c.xlsx,1999,5.744443900838356,False
29 best from 909 c.xlsx,2000,5.958502472049181,True
29 best from 909 c.xlsx,2001,6.405182648399999,False
29 best from 909 c.xlsx,2002,5.579094911942465,False
29 best from 909 c.xlsx,2003,6.1362312459260275,False
29 best from 909 c.xlsx,2004,5.4864298724945355,True
29 best from 909 c.xlsx,2005,5.255734398772603,False
29 best from 909 c.xlsx,2006,5.328639921747945,False
29 best from 909 c.xlsx,2007,8.04891650358904,False
29 best from 909 c.xlsx,2008,4.784263054040983,True
29 best from 909 c.xlsx,2009,3.7661154598821915,False
29 best from 911c.xlsx,1981,5.623835616438356,False
29 best from 911c.xlsx,1982,2.9360632746328768,False
29 best from 911c.xlsx,1983,3.0035616438356163,False
29 best from 911c.xlsx,1984,5.2275956284153,True
29 best from 911c.xlsx,1985,5.780000000000001,False
29 best from 911c.xlsx,1986,5.0841095890410966,False
29 best from 911c.xlsx,1987,5.366849315068493,False
29 best from 911c.xlsx,1988,5.366849315068493,True
29 best from 911c.xlsx,1989,3.352876712328767,False
29 best from 911c.xlsx,1990,3.3961643835616444,False
29 best from 911c.xlsx,1991,4.770410958904109,False
29 best from 911c.xlsx,1992,2.837431693989071,True
29 best from 911c.xlsx,1993,4.898356164383562,False
29 best from 911c.xlsx,1994,2.5747945205479454,False
29 best from 911c.xlsx,1995,3.715890410958904,False
29 best from 911c.xlsx,1996,3.448360655737705,True
29 best from 911c.xlsx,1997,3.546301369863014,False
29 best from 911c.xlsx,1998,6.0207240704602745,False
29 best from 911c.xlsx,1999,4.448493150684931,False
29 best from 911c.xlsx,2000,4.772677595628415,True
29 best from 911c.xlsx,2001,5.203013698630137,False
29 best from 911c.xlsx,2002,4.922465753424658,False
29 best from 911c.xlsx,2003,6.2578173515835624,False
29 best from 911c.xlsx,2004,6.060026346603825,True
29 best from 911c.xlsx,2005,4.328075668619177,False
29 best from 911c.xlsx,2006,4.348723091978083,False
29 best from 911c.xlsx,2007,4.863013698630137,False
29 best from 911c.xlsx,2008,3.856981850117487,True
29 best from 911c.xlsx,2009,3.1301369863013697,False
29 best from 912 c.xlsx,1981,5.757418134378082,False
29 best from 912 c.xlsx,1982,4.040344422712328,False
29 best from 912 c.xlsx,1983,4.558238095238356,False
29 best from 912 c.xlsx,1984,5.345810564672131,True
29 best from 912 c.xlsx,1985,6.668528375742466,False
29 best from 912 c.xlsx,1986,5.315620352257533,False
29 best from 912 c.xlsx,1987,5.197449445534247,False
29 best from 912 c.xlsx,1988,5.119227816811476,True
29 best from 912 c.xlsx,1989,4.192106979756164,False
29 best from 912 c.xlsx,1990,4.114928245271233,False
29 best from 912 c.xlsx,1991,4.953404109591781,False
29 best from 912 c.xlsx,1992,3.3138147280737704,True
29 best from 912 c.xlsx,1993,4.609467275490411,False
29 best from 912 c.xlsx,1994,3.308349641235616,False
29 best from 912 c.xlsx,1995,3.6095352250493145,False
29 best from 912 c.xlsx,1996,4.020227253013661,True
29 best from 912 c.xlsx,1997,4.8102359208520555,False
29 best from 912 c.xlsx,1998,6.418119156331508,False
29 best from 912 c.xlsx,1999,4.917845727317808,False
29 best from 912 c.xlsx,2000,5.265616597292349,True
29 best from 912 c.xlsx,2001,4.356503044134247,False
29 best from 912 c.xlsx,2002,5.686660687156165,False
29 best from 912 c.xlsx,2003,6.853758969315069,False
29 best from 912 c.xlsx,2004,6.918367269464479,True
29 best from 912 c.xlsx,2005,4.1932903892027396,False
29 best from 912 c.xlsx,2006,5.593237116758904,False
29 best from 912 c.xlsx,2007,6.705740921936986,False
29 best from 912 c.xlsx,2008,4.420465565076503,True
29 best from 912 c.xlsx,2009,2.4201293759534246,False
30 best from 0108 c.csv,1981,4.020673515981735,False
30 best from 0108 c.csv,1982,4.084802130898022,False
30 best from 0108 c.csv,1983,4.156164383561644,False
30 best from 0108 c.csv,1984,3.8895871281117183,True
30 best from 0108 c.csv,1985,5.226301369863013,False
30 best from 0108 c.csv,1986,5.223013698630138,False
30 best from 0108 c.csv,1987,2.7794520547945205,False
30 best from 0108 c.csv,1988,4.312841530054645,True
30 best from 0108 c.csv,1989,3.3670900195694715,False
30 best from 0108 c.csv,1990,5.025357686453577,False
30 best from 0108 c.csv,1991,4.470761035007611,False
30 best from 0108 c.csv,1992,4.094592440801457,True
30 best from 0108 c.csv,1993,5.674649923896499,False
30 best from 0108 c.csv,1994,5.286517395085888,False
30 best from 0108 c.csv,1995,4.733893781256795,False
30 best from 0108 c.csv,1996,4.03408524156475,True
30 best from 0108 c.csv,1997,5.172762013481192,False
30 best from 0108 c.csv,1998,5.208470319634703,False
30 best from 0108 c.csv,1999,3.884153076755817,False
30 best from 0108 c.csv,2000,5.102380952380952,True
30 best from 0108 c.csv,2001,3.914748858447488,False
30 best from 0108 c.csv,2002,4.452031963470319,False
30 best from 0108 c.csv,2003,4.37921722113503,False
30 best from 0108 c.csv,2004,4.75546122820713,True
30 best from 0108 c.csv,2005,5.164361817786475,False
30 best from 0108 c.csv,2006,5.325950750163079,False
30 best from 0108 c.csv,2007,5.360886062187432,False
30 best from 0108 c.csv,2008,5.194235731633273,True
30 best from 0108 c.csv,2009,5.291475320721896,False
30 best from 0211 c.csv,1981,8.557124592302674,False
30 best from 0211 c.csv,1982,8.855229288975865,False
30 best from 0211 c.csv,1983,13.12051630789302,False
30 best from 0211 c.csv,1984,4.734369307832423,True
30 best from 0211 c.csv,1985,6.998204500978473,False
30 best from 0211 c.csv,1986,5.225097847358121,False
30 best from 0211 c.csv,1987,4.927948467058056,False
30 best from 0211 c.csv,1988,5.374538121259433,True
30 best from 0211 c.csv,1989,3.4064892367906063,False
30 best from 0211 c.csv,1990,4.818446510110895,False
30 best from 0211 c.csv,1991,4.21003261578604,False
30 best from 0211 c.csv,1992,4.320130757220921,True
30 best from 0211 c.csv,1993,4.9285029354207435,False
30 best from 0211 c.csv,1994,5.2371200260926285,False
30 best from 0211 c.csv,1995,2.1095890410958904,False
30 best from 0211 c.csv,1996,4.643630952380952,True
30 best from 0211 c.csv,1997,4.045410958904109,False
30 best from 0211 c.csv,1998,5.944973581213307,False
30 best from 0211 c.csv,1999,10.587972928897587,False
30 best from 0211 c.csv,2000,10.684106817590424,True
30 best from 0211 c.csv,2001,8.828030006523157,False
30 best from 0211 c.csv,2002,14.437985975212003,False
30 best from 0211 c.csv,2003,10.829585779517286,False
30 best from 0211 c.csv,2004,8.884437613843353,True
30 best from 0211 c.csv,2005,14.699517286366602,False
30 best from 0211 c.csv,2006,8.988767123287671,False
30 best from 0211 c.csv,2009,18.160277125462056,False
30 best from 0607 c.csv,1981,3.514414546640574,False
30 best from 0607 c.csv,1982,3.145497390737117,False
30 best from 0607 c.csv,1983,3.7164383561643834,False
30 best from 0607 c.csv,1984,3.0270638173302107,True
30 best from 0607 c.csv,1985,4.0247847358121325,False
30 best from 0607 c.csv,1986,3.9157632093933463,False
30 best from 0607 c.csv,1987,4.410146771037182,False
30 best from 0607 c.csv,1988,4.140085870413739,True
30 best from 0607 c.csv,1989,4.113869863013699,False
30 best from 0607 c.csv,1990,4.0002348336594915,False
30 best from 0607 c.csv,1991,3.390758860621874,False
30 best from 0607 c.csv,1992,2.9056352459016397,True
30 best from 0607 c.csv,1993,3.401369863013698,False
30 best from 0607 c.csv,1994,3.4565949119373776,False
30 best from 0607 c.csv,1995,4.386908023483366,False
30 best from 0607 c.csv,1996,4.169945355191257,True
30 best from 0607 c.csv,1997,4.248014785823005,False
30 best from 0607 c.csv,1998,3.8556947162426614,False
30 best from 0607 c.csv,1999,3.644931506849315,False
30 best from 0607 c.csv,2000,4.056923844218926,True
30 best from 0607 c.csv,2001,4.284315068493151,False
30 best from 0607 c.csv,2002,4.370229941291585,False
30 best from 0607 c.csv,2003,4.2788666014350945,False
30 best from 0607 c.csv,2004,3.08748482088646,True
30 best from 0607 c.csv,2005,3.840247336377473,False
30 best from 0607 c.csv,2006,3.8106849315068496,False
30 best from 0607 c.csv,2007,3.9477000434877145,False
30 best from 0607 c.csv,2008,4.242934122647237,True
30 best from 0607 c.csv,2009,3.904604261796042,False
30 best from 0607 c.csv,2010,4.641837899543379,False
30 best from 0608 c.csv,1981,1.2218612741900412,False
30 best from 0608 c.csv,1982,1.2802114590128288,False
30 best from 0608 c.csv,1983,1.6266976516634053,False
30 best from 0608 c.csv,1984,1.2044572382687138,True
30 best from 0608 c.csv,1985,1.7522733202870189,False
30 best from 0608 c.csv,1986,1.2932757121113285,False
30 best from 0608 c.csv,1987,0.8051864535768646,False
30 best from 0608 c.csv,1988,1.1966969164715067,True
30 best from 0608 c.csv,1989,0.9462024353120242,False
30 best from 0608 c.csv,1990,1.3125913242009133,False
30 best from 0608 c.csv,1991,0.6709360730593606,False
30 best from 0608 c.csv,1992,0.659231069476971,True
30 best from 0608 c.csv,1993,0.8922146118721462,False
30 best from 0608 c.csv,1994,1.0142922374429224,False
30 best from 0608 c.csv,1995,1.2931513372472274,False
30 best from 0608 c.csv,1996,1.0907494145199061,True
30 best from 0608 c.csv,1997,0.6186578604044357,False
30 best from 0608 c.csv,1998,0.7850989345509894,False
30 best from 0608 c.csv,1999,1.4906191563383344,False
30 best from 0608 c.csv,2000,0.6277322404371585,True
30 best from 0608 c.csv,2001,1.0811513372472277,False
30 best from 0608 c.csv,2002,0.7724412915851272,False
30 best from 0608 c.csv,2003,0.9442944118286583,False
30 best from 0608 c.csv,2004,0.8598263075722091,True
30 best from 0608 c.csv,2005,2.3071151337247224,False
30 best from 0608 c.csv,2007,1.3676973255055447,False
30 best from 0608 c.csv,2008,1.0756830601092895,True
30 best from 0608 c.csv,2009,1.0800489236790607,False
30 best from 0608 c.csv,2010,1.227662100456621,False
30 best from 0612 c.csv,1981,0.4421232876712329,False
30 best from 0612 c.csv,1982,0.2584246575342466,False
30 best from 0612 c.csv,1983,0.36602739726027395,False
30 best from 0612 c.csv,1984,0.49895264116575594,True
30 best from 0612 c.csv,1985,0.883082191780822,False
30 best from 0612 c.csv,1986,0.6734018264840183,False
30 best from 0612 c.csv,1987,0.5438356164383562,False
30 best from 0612 c.csv,1988,0.4235428051001821,True
30 best from 0612 c.csv,1989,0.29155251141552513,False
30 best from 0612 c.csv,1990,0.2672602739726027,False
30 best from 0612 c.csv,1991,0.4025570776255708,False
30 best from 0612 c.csv,1992,0.3989363778298204,True
30 best from 0612 c.csv,1993,0.14525114155251143,False
30 best from 0612 c.csv,1994,0.16673189823874757,False
30 best from 0612 c.csv,1995,0.5910319634703196,False
30 best from 0612 c.csv,1996,0.6889389799635701,True
30 best from 0612 c.csv,1997,0.3369654272667971,False
30 best from 0612 c.csv,1998,0.023287671232876714,False
30 best from 0612 c.csv,1999,0.8077038486627528,False
30 best from 0612 c.csv,2000,0.8207650273224043,True
30 best from 0612 c.csv,2002,0.7003652968036529,False
30 best from 0612 c.csv,2003,0.5249680365296804,False
30 best from 0612 c.csv,2005,0.6799608610567516,False
30 best from 0623 c.csv,1992,0.5141438979963571,True
30 best from 0623 c.csv,1993,0.26657534246575343,False
30 best from 0623 c.csv,1994,0.5076712328767123,False
30 best from 0623 c.csv,1995,0.36210045662100454,False
30 best from 0623 c.csv,1997,0.45748858447488583,False
30 best from 0623 c.csv,1999,0.5487671232876713,False
30 best from 0623 c.csv,2000,0.37868852459016394,True
30 best from 0623 c.csv,2001,0.42663470319634694,False
30 best from 0623 c.csv,2002,0.6760052185257666,False
30 best from 0623 c.csv,2006,0.05315068493150685,False
30 best from 0623 c.csv,2007,0.031506849315068496,False
30 best from 0623 c.csv,2008,0.033606557377049186,True
30 best from 0623 c.csv,2009,0.05232876712328768,False
30 best from 0623 c.csv,2010,0.42986301369863017,False
30 best from 0624 c.csv,1992,0.764408014571949,True
30 best from 0624 c.csv,1993,0.676834094368341,False
30 best from 0624 c.csv,1994,0.7972754946727549,False
30 best from 0624 c.csv,1995,0.9520091324200913,False
30 best from 0624 c.csv,1996,1.4074492583918814,True
30 best from 0624 c.csv,1997,0.9661480756686236,False
30 best from 0624 c.csv,1998,0.9423150684931508,False
30 best from 0624 c.csv,1999,0.7531506849315068,False
30 best from 0624 c.csv,2000,0.7158469945355191,True
30 best from 0624 c.csv,2001,0.42996086105675146,False
30 best from 0624 c.csv,2002,1.0443705153294194,False
30 best from 0624 c.csv,2003,1.0455603392041748,False
30 best from 0624 c.csv,2004,0.27595628415300544,True
30 best from 0624 c.csv,2005,0.47289465101108935,False
30 best from 0624 c.csv,2006,0.43017612524461846,False
30 best from 0624 c.csv,2007,0.5232876712328767,False
30 best from 0624 c.csv,2008,0.3396174863387978,True
30 best from 0624 c.csv,2009,0.8312328767123287,False
30 best from 0624 c.csv,2010,0.703945205479452,False
30 best from 0625 c.csv,1992,0.6192048312949953,True
30 best from 0625 c.csv,1993,0.4046575342465754,False
30 best from 0625 c.csv,1994,0.38082191780821917,False
30 best from 0625 c.csv,1995,0.39643835616438355,False
30 best from 0625 c.csv,1996,1.0949869893312516,True
30 best from 0625 c.csv,1997,2.043030767558165,False
30 best from 0625 c.csv,1998,1.3839122635355512,False
30 best from 0625 c.csv,1999,0.5676712328767123,False
30 best from 0625 c.csv,2000,0.4412568306010929,True
30 best from 0625 c.csv,2001,0.5591438356164383,False
30 best from 0625 c.csv,2002,0.6128587736464449,False
30 best from 0625 c.csv,2003,3.0441894977168946,False
30 best from 0625 c.csv,2004,0.8789617486338799,True
30 best from 0625 c.csv,2005,0.6613698630136986,False
30 best from 0625 c.csv,2006,0.8208219178082192,False
30 best from 0625 c.csv,2007,0.8783561643835617,False
30 best from 0625 c.csv,2008,0.38497267759562837,True
30 best from 0625 c.csv,2009,1.0162687540769733,False
30 best from 0625 c.csv,2010,0.5750867579908676,False
30 best from 0628 c.csv,1992,5.340920179547229,True
30 best from 0628 c.csv,1993,6.60945749075886,False
30 best from 0628 c.csv,1994,7.600865949119374,False
30 best from 0628 c.csv,1995,7.854686888454012,False
30 best from 0628 c.csv,1996,8.22485362997658,True
30 best from 0628 c.csv,1997,8.809572189606438,False
30 best from 0628 c.csv,1998,6.103748097412481,False
30 best from 0628 c.csv,1999,6.552739726027397,False
30 best from 0628 c.csv,2000,7.855924191170093,True
30 best from 0628 c.csv,2001,6.396360078277887,False
30 best from 0628 c.csv,2002,5.731552511415525,False
30 best from 0628 c.csv,2003,8.485040226136118,False
30 best from 0628 c.csv,2004,7.559418639951426,True
30 best from 0628 c.csv,2005,7.819075342465753,False
30 best from 0628 c.csv,2006,5.4458365949119365,False
30 best from 0628 c.csv,2007,8.053626331811262,False
30 best from 0628 c.csv,2008,6.9036012446873105,True
30 best from 0628 c.csv,2009,8.243105566427484,False
30 best from 0628 c.csv,2010,6.1266617742987615,False
30 best from 0629 c.csv,1992,5.603766046491456,True
30 best from 0629 c.csv,1993,6.377808219178081,False
30 best from 0629 c.csv,1994,6.244657534246574,False
30 best from 0629 c.csv,1995,11.926438356164383,False
30 best from 0629 c.csv,1996,9.59207650273224,True
30 best from 0629 c.csv,1997,7.742115677321157,False
30 best from 0629 c.csv,1998,8.837594585779517,False
30 best from 0629 c.csv,1999,9.080791476407915,False
30 best from 0629 c.csv,2000,9.445799180327867,True
30 best from 0629 c.csv,2001,7.666347031963469,False
30 best from 0629 c.csv,2002,6.797191780821918,False
30 best from 0629 c.csv,2003,8.771506849315069,False
30 best from 0629 c.csv,2004,7.84735883424408,True
30 best from 0629 c.csv,2005,7.70644216133942,False
30 best from 0629 c.csv,2006,7.189063383344205,False
30 best from 0629 c.csv,2007,8.525248967166775,False
30 best from 0629 c.csv,2008,7.876874620522162,True
30 best from 0629 c.csv,2009,7.580342465753424,False
30 best from 0629 c.csv,2010,9.188356164383562,False
30 best from 0633 c.csv,2005,0.8798225701239399,False
30 best from 0633 c.csv,2006,0.646525766470972,False
30 best from 0633 c.csv,2007,0.5845792563600782,False
30 best from 0633 c.csv,2008,0.5259692948217538,True
30 best from 0633 c.csv,2009,9.655035877364645,False
30 best from 0633 c.csv,2010,0.660738747553816,False
30 best from 0715c.csv,1981,7.107689497716896,False
30 best from 0715c.csv,1982,5.179187214611872,False
30 best from 0715c.csv,1983,6.698255707762557,False
30 best from 0715c.csv,1984,5.5533879781420765,True
30 best from 0715c.csv,1985,5.9906575342465755,False
30 best from 0715c.csv,1986,5.5190319634703195,False
30 best from 0715c.csv,1987,4.744123287671233,False
30 best from 0715c.csv,1988,5.344626593806923,True
30 best from 0715c.csv,1989,5.811560339204174,False
30 best from 0715c.csv,1990,5.038049575994781,False
30 best from 0715c.csv,1991,4.53478147423353,False
30 best from 0715c.csv,1992,4.028974759302628,True
30 best from 0715c.csv,1993,5.642941943900849,False
30 best from 0715c.csv,1994,4.155988258317025,False
30 best from 0715c.csv,1995,5.122837573385519,False
30 best from 0715c.csv,1996,6.921246422066095,True
30 best from 0715c.csv,1997,5.417253750815395,False
30 best from 0715c.csv,1998,6.691630789302023,False
30 best from 0715c.csv,1999,4.418754076973255,False
30 best from 0715c.csv,2000,5.415833983866771,True
30 best from 0715c.csv,2001,5.24468558382257,False
30 best from 0715c.csv,2002,3.4515508806262227,False
30 best from 0715c.csv,2003,5.698889432485324,False
30 best from 0715c.csv,2004,3.986208691126724,True
30 best from 0715c.csv,2005,5.353732333115895,False
30 best from 0715c.csv,2006,3.6678136551424223,False
30 best from 0715c.csv,2007,5.988983474668406,False
30 best from 0715c.csv,2008,5.864466237314598,True
30 best from 0715c.csv,2009,4.7122749510763215,False
30 best from 0816c.csv,1981,3.1291128506196997,False
30 best from 0816c.csv,1982,3.6124771689497712,False
30 best from 0816c.csv,1983,3.924443357251576,False
30 best from 0816c.csv,1984,4.310476841009628,True
30 best from 0816c.csv,1985,4.366913459447707,False
30 best from 0816c.csv,1986,2.82251087192868,False
30 best from 0816c.csv,1987,3.034299304196565,False
30 best from 0816c.csv,1988,7.699713765287535,True
30 best from 0816c.csv,1989,3.9632795172863666,False
30 best from 0816c.csv,1990,2.6583599695586,False
30 best from 0816c.csv,1991,2.7807191780821916,False
30 best from 0816c.csv,1992,2.175956284153006,True
30 best from 0816c.csv,1993,2.188006088280061,False
30 best from 0816c.csv,1994,2.0998287671232876,False
30 best from 0816c.csv,1995,4.486916177429876,False
30 best from 0816c.csv,1996,3.5498633879781423,True
30 best from 0816c.csv,1997,3.5595770819743424,False
30 best from 0816c.csv,1998,3.4933643183300718,False
30 best from 0816c.csv,1999,3.5043661665579475,False
30 best from 0816c.csv,2000,3.169455286668401,True
30 best from 0816c.csv,2001,1.4612785388127854,False
30 best from 0816c.csv,2002,2.672705479452055,False
30 best from 0816c.csv,2003,4.262296151337247,False
30 best from 0816c.csv,2004,3.1037758044930173,True
30 best from 0816c.csv,2005,3.235251141552512,False
30 best from 0816c.csv,2006,2.595068493150685,False
30 best from 0816c.csv,2007,4.60986301369863,False
30 best from 0816c.csv,2008,2.778142076502732,True
30 best from 0816c.csv,2009,1.3213698630136985,False
30 best from 0820c.csv,1981,1.4731963470319636,False
30 best from 0820c.csv,1982,1.7091780821917806,False
30 best from 0820c.csv,1983,1.9024748858447489,False
30 best from 0820c.csv,1984,1.846311475409836,True
30 best from 0820c.csv,1985,2.574415525114155,False
30 best from 0820c.csv,1986,1.7807762557077627,False
30 best from 0820c.csv,1987,1.9251917808219179,False
30 best from 0820c.csv,1988,1.2527322404371584,True
30 best from 0820c.csv,1989,1.7940730593607304,False
30 best from 0820c.csv,1990,0.9074429223744291,False
30 best from 0820c.csv,1991,1.2380639269406393,False
30 best from 0820c.csv,1992,0.8171926229508196,True
30 best from 0820c.csv,1993,1.1761448140900195,False
30 best from 0820c.csv,1994,1.5904461839530333,False
30 best from 0820c.csv,1995,1.4368688845401172,False
30 best from 0820c.csv,1996,1.078903200624512,True
30 best from 0820c.csv,1997,4.033255055446836,False
30 best from 0820c.csv,1998,2.1587279843444227,False
30 best from 0820c.csv,1999,6.163635355512068,False
30 best from 0820c.csv,2000,1.1989350767629456,True
30 best from 0820c.csv,2001,1.0164383561643835,False
30 best from 0820c.csv,2002,1.058538812785388,False
30 best from 0820c.csv,2003,2.051694390084801,False
30 best from 0820c.csv,2004,0.8987119437939111,True
30 best from 0820c.csv,2005,1.706824853228963,False
30 best from 0820c.csv,2006,1.0722450532724503,False
30 best from 0820c.csv,2007,1.8614193302891935,False
30 best from 0820c.csv,2008,1.5296057767369242,True
30 best from 0820c.csv,2009,2.10249184605349,False
30 best from 0820c.csv,2010,1.53883887801696,False
30 best from 0821c.csv,1981,12.030507175472929,False
30 best from 0821c.csv,1982,10.061424657534248,False
30 best from 0821c.csv,1983,5.47197651663405,False
30 best from 0821c.csv,1984,10.570077088212335,True
30 best from 0821c.csv,1985,6.817539138943249,False
30 best from 0821c.csv,1986,9.464758643183302,False
30 best from 0821c.csv,1987,6.571847684279191,False
30 best from 0821c.csv,1988,9.343577608639084,True
30 best from 0821c.csv,1989,9.639277560339204,False
30 best from 0821c.csv,1990,11.145083170254404,False
30 best from 0821c.csv,1991,7.276785714285714,False
30 best from 0821c.csv,1992,4.956137240870848,True
30 best from 0821c.csv,1993,12.171963470319634,False
30 best from 0821c.csv,1994,8.935727332028701,False
30 best from 0821c.csv,1995,11.221822678843226,False
30 best from 0821c.csv,1996,5.7810201448521115,True
30 best from 0821c.csv,1997,10.542808219178081,False
30 best from 0821c.csv,1998,8.215112959338986,False
30 best from 0821c.csv,1999,10.196537290715373,False
30 best from 0821c.csv,2000,9.36075819672131,True
30 best from 0821c.csv,2001,12.971094259621657,False
30 best from 0821c.csv,2002,9.84312133072407,False
30 best from 0821c.csv,2003,12.093013698630136,False
30 best from 0821c.csv,2004,7.043108682452944,True
30 best from 0821c.csv,2005,8.36762611437269,False
30 best from 0821c.csv,2006,8.318122417916939,False
30 best from 0821c.csv,2007,5.926019243313764,False
30 best from 0821c.csv,2008,12.349502341920376,True
30 best from 0821c.csv,2009,11.946944444444444,False
30 best from 0821c.csv,2010,12.779573820395736,False
30 best from 0833c.csv,2000,1.3992410443230114,True
30 best from 0833c.csv,2001,2.1562899543378995,False
30 best from 0833c.csv,2002,3.090529462926723,False
30 best from 0833c.csv,2003,1.9755577299412916,False
30 best from 0833c.csv,2004,1.890661050394657,True
30 best from 0833c.csv,2005,1.2155136986301371,False
30 best from 0833c.csv,2006,1.8515682757121112,False
30 best from 0833c.csv,2007,3.171899869536856,False
30 best from 0833c.csv,2008,3.141765330904675,True
30 best from 0833c.csv,2009,2.849383561643836,False
30 best from 0833c.csv,2010,3.6670593607305935,False
30 best from 0834c.csv,2002,2.7234106327462495,False
30 best from 0834c.csv,2003,1.7107488584474888,False
30 best from 0834c.csv,2004,0.9579365079365079,True
30 best from 0834c.csv,2005,1.284741030658839,False
30 best from 0834c.csv,2006,1.4582827788649706,False
30 best from 0834c.csv,2007,2.008188736681887,False
30 best from 0834c.csv,2009,629.8529707545118,False
30 best from 0834c.csv,2010,0.9985348988910633,False
30 best from 1101 c.xlsx,1981,4.696164383561643,False
30 best from 1101 c.xlsx,1982,3.8539726027397254,False
30 best from 1101 c.xlsx,1983,3.509041095890411,False
30 best from 1101 c.xlsx,1984,4.481693989071038,True
30 best from 1101 c.xlsx,1985,4.713424657534246,False
30 best from 1101 c.xlsx,1986,3.6035616438356164,False
30 best from 1101 c.xlsx,1987,4.385205479452055,False
30 best from 1101 c.xlsx,1988,4.184972677595629,True
30 best from 1101 c.xlsx,1989,2.25448140900274,False
30 best from 1101 c.xlsx,1990,2.8202739726027395,False
30 best from 1101 c.xlsx,1991,1.8315068493150686,False
30 best from 1101 c.xlsx,1992,2.0532786885245904,True
30 best from 1101 c.xlsx,1993,2.5405479452054793,False
30 best from 1101 c.xlsx,1994,2.7852054794520544,False
30 best from 1101 c.xlsx,1995,3.5736986301369864,False
30 best from 1101 c.xlsx,1996,3.418579234972677,True
30 best from 1101 c.xlsx,1997,2.644109589041096,False
30 best from 1101 c.xlsx,1998,3.506575342465753,False
30 best from 1101 c.xlsx,1999,3.3164383561643835,False
30 best from 1101 c.xlsx,2000,6.3732240437158465,True
30 best from 1101 c.xlsx,2001,4.726562296153425,False
30 best from 1101 c.xlsx,2002,6.625479452054795,False
30 best from 1101 c.xlsx,2003,4.26445205479452,False
30 best from 1101 c.xlsx,2004,2.848360655737705,True
30 best from 1101 c.xlsx,2005,2.710558708408219,False
30 best from 1101 c.xlsx,2006,3.6529370515342467,False
30 best from 1101 c.xlsx,2007,3.6679435746904114,False
30 best from 1103 c.csv,1981,6.197847358121329,False
30 best from 1103 c.csv,1982,6.098904109589041,False
30 best from 1103 c.csv,1983,5.639941291585128,False
30 best from 1103 c.csv,1984,5.5205698672911785,True
30 best from 1103 c.csv,1985,5.546575342465753,False
30 best from 1103 c.csv,1986,4.53095890410959,False
30 best from 1103 c.csv,1987,7.0155185909980435,False
30 best from 1103 c.csv,1988,6.323224043715847,True
30 best from 1103 c.csv,1989,6.902152641878669,False
30 best from 1103 c.csv,1990,6.1756947162426625,False
30 best from 1103 c.csv,1991,6.015955642530986,False
30 best from 1103 c.csv,1992,6.542261904761906,True
30 best from 1103 c.csv,1993,6.322656555772993,False
30 best from 1103 c.csv,1994,6.3961643835616435,False
30 best from 1103 c.csv,1995,6.925171232876712,False
30 best from 1103 c.csv,1996,6.197617421285454,True
30 best from 1103 c.csv,1997,7.277579908675798,False
30 best from 1103 c.csv,1998,7.039809197651663,False
30 best from 1103 c.csv,1999,7.0122504892367905,False
30 best from 1103 c.csv,2000,7.267705893832942,True
30 best from 1103 c.csv,2001,6.97133072407045,False
30 best from 1103 c.csv,2002,7.021446510110893,False
30 best from 1103 c.csv,2003,7.866696020874104,False
30 best from 1103 c.csv,2004,7.216334894613584,True
30 best from 1103 c.csv,2005,5.5934230267449445,False
30 best from 1103 c.csv,2006,5.47421722113503,False
30 best from 1103 c.csv,2007,6.895455968688847,False
30 best from 1103 c.csv,2008,7.8273598100442365,True
30 best from 1103 c.csv,2009,5.585722439660795,False
30 best from 1108 c.xlsx,1981,4.3863013698630136,False
30 best from 1108 c.xlsx,1982,4.464657534246576,False
30 best from 1108 c.xlsx,1983,5.335616438356165,False
30 best from 1108 c.xlsx,1984,7.267213114754099,True
30 best from 1108 c.xlsx,1985,5.78634050880548,False
30 best from 1108 c.xlsx,1986,4.597260273972603,False
30 best from 1108 c.xlsx,1987,7.132876712328767,False
30 best from 1108 c.xlsx,1988,5.315964090546449,True
30 best from 1108 c.xlsx,1989,5.823835616438355,False
30 best from 1108 c.xlsx,1990,5.138904109589041,False
30 best from 1108 c.xlsx,1991,4.263835616438357,False
30 best from 1108 c.xlsx,1992,4.538797814207651,True
30 best from 1108 c.xlsx,1993,6.96958904109589,False
30 best from 1108 c.xlsx,1994,3.765753424657534,False
30 best from 1108 c.xlsx,1995,5.295890410958904,False
30 best from 1108 c.xlsx,1996,6.725956284153005,True
30 best from 1108 c.xlsx,1997,4.205479452054795,False
30 best from 1108 c.xlsx,1998,6.761643835616439,False
30 best from 1108 c.xlsx,1999,4.632328767123288,False
30 best from 1108 c.xlsx,2000,5.6292349726775965,True
30 best from 1108 c.xlsx,2001,4.800547945205479,False
30 best from 1108 c.xlsx,2002,6.037260273972603,False
30 best from 1108 c.xlsx,2003,4.45695205479452,False
30 best from 1108 c.xlsx,2004,6.7068306010928955,True
30 best from 1108 c.xlsx,2005,4.583561643835616,False
30 best from 1108 c.xlsx,2006,6.841095890410959,False
30 best from 1108 c.xlsx,2007,6.150082191780821,False
30 best from 1112 c.xlsx,1981,4.296164383561644,False
30 best from 1112 c.xlsx,1982,3.8337426614465753,False
30 best from 1112 c.xlsx,1983,4.587438356164384,False
30 best from 1112 c.xlsx,1984,4.976283177204919,True
30 best from 1112 c.xlsx,1985,4.25972602739726,False
30 best from 1112 c.xlsx,1986,3.1550684931506847,False
30 best from 1112 c.xlsx,1987,5.169315068493151,False
30 best from 1112 c.xlsx,1988,4.242622950819673,True
30 best from 1112 c.xlsx,1989,4.662465753424658,False
30 best from 1112 c.xlsx,1990,4.72,False
30 best from 1112 c.xlsx,1991,2.6263013698630138,False
30 best from 1112 c.xlsx,1992,2.3065573770491805,True
30 best from 1112 c.xlsx,1993,5.206027397260275,False
30 best from 1112 c.xlsx,1994,2.764383561643836,False
30 best from 1112 c.xlsx,1995,3.1512328767123288,False
30 best from 1112 c.xlsx,1996,5.222950819672132,True
30 best from 1112 c.xlsx,1997,3.5610958904109595,False
30 best from 1112 c.xlsx,1998,4.97041095890411,False
30 best from 1112 c.xlsx,1999,6.276712328767124,False
30 best from 1112 c.xlsx,2000,3.7972677595628412,True
30 best from 1112 c.xlsx,2001,6.276712328767124,False
30 best from 1112 c.xlsx,2002,4.979178082191781,False
30 best from 1112 c.xlsx,2003,3.2315068493150685,False
30 best from 1112 c.xlsx,2004,5.139344262295082,True
30 best from 1112 c.xlsx,2005,2.681643835616439,False
30 best from 1112 c.xlsx,2006,4.329315068493151,False
30 best from 1112 c.xlsx,2007,5.8863013698630136,False
30 best from 1112 c.xlsx,2008,4.589890710382513,True
30 best from 1112 c.xlsx,2009,3.765896934117809,False
30 best from 1204 c.csv,1981,4.915342465753424,False
30 best from 1204 c.csv,1982,3.9819178082191775,False
30 best from 1204 c.csv,1983,6.236164383561643,False
30 best from 1204 c.csv,1984,6.658894960534305,True
30 best from 1204 c.csv,1985,7.659999999999999,False
30 best from 1204 c.csv,1986,5.99945205479452,False
30 best from 1204 c.csv,1987,6.576164383561644,False
30 best from 1204 c.csv,1988,6.005464480874317,True
30 best from 1204 c.csv,1989,7.135251141552512,False
30 best from 1204 c.csv,1990,6.396712328767124,False
30 best from 1204 c.csv,1991,5.8931506849315065,False
30 best from 1204 c.csv,1992,5.798087431693989,True
30 best from 1204 c.csv,1993,7.090136986301369,False
30 best from 1204 c.csv,1994,6.275616438356165,False
30 best from 1204 c.csv,1995,7.730410958904111,False
30 best from 1204 c.csv,1996,7.356830601092897,True
30 best from 1204 c.csv,1997,6.1060273972602745,False
30 best from 1204 c.csv,1998,7.67095890410959,False
30 best from 1204 c.csv,1999,7.055068493150686,False
30 best from 1204 c.csv,2000,6.2346994535519125,True
30 best from 1204 c.csv,2001,7.076986301369863,False
30 best from 1204 c.csv,2002,6.867123287671233,False
30 best from 1204 c.csv,2003,6.87068493150685,False
30 best from 1204 c.csv,2004,5.4032786885245905,True
30 best from 1204 c.csv,2005,5.009315068493151,False
30 best from 1204 c.csv,2006,4.841600347901717,False
30 best from 1204 c.csv,2007,5.8002739726027395,False
30 best from 1204 c.csv,2008,5.2633879781420765,True
30 best from 1204 c.csv,2009,5.168493150684932,False
30 best from 1219 c.csv,1981,4.14587084148728,False
30 best from 1219 c.csv,1982,4.259779843444226,False
30 best from 1219 c.csv,1983,4.507592954990215,False
30 best from 1219 c.csv,1984,4.804010538641687,True
30 best from 1219 c.csv,1985,5.805,False
30 best from 1219 c.csv,1986,4.351785714285714,False
30 best from 1219 c.csv,1987,4.1003913894324855,False
30 best from 1219 c.csv,1988,5.186338797814209,True
30 best from 1219 c.csv,1989,5.058904109589041,False
30 best from 1219 c.csv,1990,3.973150684931507,False
30 best from 1219 c.csv,1991,3.872054794520548,False
30 best from 1219 c.csv,1992,3.3431693989071034,True
30 best from 1219 c.csv,1993,4.093698630136986,False
30 best from 1219 c.csv,1994,4.286986301369863,False
30 best from 1219 c.csv,1995,4.6945205479452055,False
30 best from 1219 c.csv,1996,3.876932084309134,True
30 best from 1219 c.csv,1997,4.392260273972602,False
30 best from 1219 c.csv,1998,4.798082191780821,False
30 best from 1219 c.csv,1999,5.669354207436399,False
30 best from 1219 c.csv,2000,5.119228142076503,True
30 best from 1219 c.csv,2001,4.544510763209393,False
30 best from 1219 c.csv,2002,5.971940639269406,False
30 best from 1219 c.csv,2003,5.418972602739727,False
30 best from 1219 c.csv,2004,4.1378415300546445,True
30 best from 1219 c.csv,2005,3.686771037181996,False
30 best from 1219 c.csv,2006,4.346058382257012,False
30 best from 1219 c.csv,2007,5.2560877364644485,False
30 best from 1219 c.csv,2008,5.677039422326308,True
30 best from 1219 c.csv,2009,4.435616438356164,False
30 best from 1219 c.csv,2010,4.752054794520547,False
30 best from 1317 c.csv,1981,6.613972602739724,False
30 best from 1317 c.csv,1982,6.865205479452055,False
30 best from 1317 c.csv,1983,7.816712328767123,False
30 best from 1317 c.csv,1984,6.366666666666667,True
30 best from 1317 c.csv,1985,7.695890410958904,False
30 best from 1317 c.csv,1986,6.094520547945206,False
30 best from 1317 c.csv,1987,7.904657534246575,False
30 best from 1317 c.csv,1988,7.461748633879782,True
30 best from 1317 c.csv,1989,8.02931506849315,False
30 best from 1317 c.csv,1990,6.933424657534247,False
30 best from 1317 c.csv,1991,8.393150684931507,False
30 best from 1317 c.csv,1992,7.137431693989072,True
30 best from 1317 c.csv,1993,7.79068493150685,False
30 best from 1317 c.csv,1994,7.445205479452055,False
30 best from 1317 c.csv,1995,9.30767123287671,False
30 best from 1317 c.csv,1996,8.221584699453553,True
30 best from 1317 c.csv,1997,7.766027397260274,False
30 best from 1317 c.csv,1998,6.676712328767123,False
30 best from 1317 c.csv,1999,6.277260273972602,False
30 best from 1317 c.csv,2000,7.756010928961748,True
30 best from 1317 c.csv,2001,8.335068493150686,False
30 best from 1317 c.csv,2002,6.7405479452054795,False
30 best from 1317 c.csv,2003,7.344931506849315,False
30 best from 1317 c.csv,2004,5.730956284153006,True
30 best from 1317 c.csv,2005,6.507945205479452,False
30 best from 1317 c.csv,2006,4.078904109589041,False
30 best from 1317 c.csv,2007,5.443189823874755,False
30 best from 1317 c.csv,2008,6.589890710382514,True
30 best from 1317 c.csv,2009,6.472237442922375,False
30 best from 1317 c.csv,2010,7.328571428571429,False
30 best from 806 c.xlsx,1981,3.5425388127671233,False
30 best from 806 c.xlsx,1982,3.668073059339726,False
30 best from 806 c.xlsx,1983,2.8688675799095895,False
30 best from 806 c.xlsx,1984,3.908091985453552,True
30 best from 806 c.xlsx,1985,3.9404885844684934,False
30 best from 806 c.xlsx,1986,0.0,False
30 best from 806 c.xlsx,1987,2.315118721460274,False
30 best from 806 c.xlsx,1988,5.654959016382514,True
30 best from 806 c.xlsx,1989,6.809863013698632,False
30 best from 806 c.xlsx,1990,5.57945205479452,False
30 best from 806 c.xlsx,1991,2.690958904109589,False
30 best from 806 c.xlsx,1992,2.539617486338798,True
30 best from 806 c.xlsx,1993,5.782465753424657,False
30 best from 806 c.xlsx,1994,3.144657534246575,False
30 best from 806 c.xlsx,1995,3.667397260273973,False
30 best from 806 c.xlsx,1996,2.648360655737705,True
30 best from 806 c.xlsx,1997,2.7764383561643835,False
30 best from 806 c.xlsx,1998,3.052876712328767,False
30 best from 806 c.xlsx,1999,3.4109223744273973,False
30 best from 806 c.xlsx,2000,1.9500000000000002,True
30 best from 806 c.xlsx,2001,2.0106849315068493,False
30 best from 806 c.xlsx,2002,1.47013698630137,False
30 best from 806 c.xlsx,2003,1.6883196346958904,False
30 best from 806 c.xlsx,2004,1.3398907103825135,True
30 best from 806 c.xlsx,2005,4.488165362035616,False
30 best from 806 c.xlsx,2006,1.7769863013698635,False
30 best from 806 c.xlsx,2007,1.8413698630136988,False
30 best from 806 c.xlsx,2008,1.4273224043715846,True
30 best from 806 c.xlsx,2009,1.677808219178082,False
30 best from 806 c.xlsx,2010,2.242739726027397,False
30 best from 807 c.xlsx,1981,7.155068493150685,False
30 best from 807 c.xlsx,1982,6.388493150684932,False
30 best from 807 c.xlsx,1983,6.650958904109589,False
30 best from 807 c.xlsx,1984,6.453005464480875,True
30 best from 807 c.xlsx,1985,6.035616438356165,False
30 best from 807 c.xlsx,1986,6.82109589041096,False
30 best from 807 c.xlsx,1987,8.239452054794523,False
30 best from 807 c.xlsx,1988,7.433060109289618,True
30 best from 807 c.xlsx,1989,6.758904109589041,False
30 best from 807 c.xlsx,1990,7.856986301369863,False
30 best from 807 c.xlsx,1991,5.561643835616439,False
30 best from 807 c.xlsx,1992,4.793169398907104,True
30 best from 807 c.xlsx,1993,6.586849315068493,False
30 best from 807 c.xlsx,1994,6.4249315068493145,False
30 best from 807 c.xlsx,1995,8.327945205479452,False
30 best from 807 c.xlsx,1996,6.632240437158469,True
30 best from 807 c.xlsx,1997,4.696986301369863,False
30 best from 807 c.xlsx,1998,8.76027397260274,False
30 best from 807 c.xlsx,1999,8.187945205479451,False
30 best from 807 c.xlsx,2000,8.524590163934427,True
30 best from 807 c.xlsx,2001,7.740821917808219,False
30 best from 807 c.xlsx,2002,10.03205479452055,False
30 best from 807 c.xlsx,2003,7.17917808219178,False
30 best from 807 c.xlsx,2004,8.839617486338799,True
30 best from 807 c.xlsx,2005,5.734246575342467,False
30 best from 807 c.xlsx,2006,6.521095890410958,False
30 best from 807 c.xlsx,2007,6.895616438356163,False
30 best from 807 c.xlsx,2008,6.6525956284153,True
30 best from 807 c.xlsx,2009,5.401369863013699,False
30 best from 807 c.xlsx,2010,9.561095890410957,False
30 best from 809 c.xlsx,1981,4.729393346378083,False
30 best from 809 c.xlsx,1982,4.750789302024659,False
30 best from 809 c.xlsx,1983,5.6749315068493145,False
30 best from 809 c.xlsx,1984,4.991256830601092,True
30 best from 809 c.xlsx,1985,5.576327462501371,False
30 best from 809 c.xlsx,1986,5.124383561643836,False
30 best from 809 c.xlsx,1987,4.612602739726028,False
30 best from 809 c.xlsx,1988,3.261787665898907,True
30 best from 809 c.xlsx,1989,5.414794520547944,False
30 best from 809 c.xlsx,1990,4.925753424657534,False
30 best from 809 c.xlsx,1991,3.7465753424657535,False
30 best from 809 c.xlsx,1992,2.7693306010928964,True
30 best from 809 c.xlsx,1993,3.9668493150684934,False
30 best from 809 c.xlsx,1994,6.0,False
30 best from 809 c.xlsx,1995,6.319965753424658,False
30 best from 809 c.xlsx,1996,5.28879781420765,True
30 best from 809 c.xlsx,1997,4.045050554463014,False
30 best from 809 c.xlsx,1998,1.994794520547945,False
30 best from 809 c.xlsx,1999,5.582811480753424,False
30 best from 809 c.xlsx,2000,4.814348816032787,True
30 best from 809 c.xlsx,2001,5.544205805597261,False
30 best from 809 c.xlsx,2002,5.2765557729726025,False
30 best from 809 c.xlsx,2003,5.240078277876711,False
30 best from 809 c.xlsx,2004,5.016594132199454,True
30 best from 809 c.xlsx,2005,3.8194067188684926,False
30 best from 809 c.xlsx,2006,3.4745792563534246,False
30 best from 809 c.xlsx,2007,5.221169275934247,False
30 best from 809 c.xlsx,2008,4.6300871714945355,True
30 best from 810 c.xlsx,1981,5.05945205479452,False
30 best from 810 c.xlsx,1982,4.8613698630136986,False
30 best from 810 c.xlsx,1983,4.7934246575342465,False
30 best from 810 c.xlsx,1984,4.722950819672132,True
30 best from 810 c.xlsx,1985,4.943835616438356,False
30 best from 810 c.xlsx,1986,6.658356164383562,False
30 best from 810 c.xlsx,1987,5.173698630136986,False
30 best from 810 c.xlsx,1988,6.174316939890711,True
30 best from 810 c.xlsx,1989,6.723835616438356,False
30 best from 810 c.xlsx,1990,5.1,False
30 best from 810 c.xlsx,1991,5.79013698630137,False
30 best from 810 c.xlsx,1992,3.57896174863388,True
30 best from 810 c.xlsx,1993,4.956712328767122,False
30 best from 810 c.xlsx,1994,4.181917808219178,False
30 best from 810 c.xlsx,1995,5.419178082191781,False
30 best from 810 c.xlsx,1996,5.722131147540984,True
30 best from 810 c.xlsx,1997,5.571872146117808,False
30 best from 810 c.xlsx,1998,4.973698630136987,False
30 best from 810 c.xlsx,1999,4.973698630136987,False
30 best from 810 c.xlsx,2000,6.139890710382513,True
30 best from 810 c.xlsx,2001,6.092054794520548,False
30 best from 810 c.xlsx,2002,4.676712328767123,False
30 best from 810 c.xlsx,2003,6.045239726027397,False
30 best from 810 c.xlsx,2004,4.254918032786885,True
30 best from 810 c.xlsx,2005,3.3389041095890413,False
30 best from 810 c.xlsx,2006,2.983835616438356,False
30 best from 810 c.xlsx,2007,5.68958904109589,False
30 best from 810 c.xlsx,2008,4.725136612021858,True
30 best from 814 c.xlsx,1981,13.877534246575342,False
30 best from 814 c.xlsx,1982,13.83650684931507,False
30 best from 814 c.xlsx,1983,14.360234833657536,False
30 best from 814 c.xlsx,1984,17.050923757478145,True
30 best from 814 c.xlsx,1985,13.467238095238356,False
30 best from 814 c.xlsx,1986,15.27495596868767,False
30 best from 814 c.xlsx,1987,13.306771037183562,False
30 best from 814 c.xlsx,1988,15.212226775956285,True
30 best from 814 c.xlsx,1989,14.768624809742466,False
30 best from 814 c.xlsx,1990,15.315159817350684,False
30 best from 814 c.xlsx,1991,14.444839095457535,False
30 best from 814 c.xlsx,1992,13.552560391188527,True
30 best from 814 c.xlsx,1993,14.295182648402738,False
30 best from 814 c.xlsx,1994,13.781501413350684,False
30 best from 814 c.xlsx,1995,18.000429984778084,False
30 best from 814 c.xlsx,1996,15.201244687308744,True
30 best from 814 c.xlsx,1997,14.662842465756166,False
30 best from 814 c.xlsx,1998,17.052522831049316,False
30 best from 814 c.xlsx,1999,16.309863013698628,False
30 best from 814 c.xlsx,2000,17.044262295081968,True
30 best from 814 c.xlsx,2001,16.533424657534248,False
30 best from 814 c.xlsx,2002,15.697808219178082,False
30 best from 814 c.xlsx,2003,17.28821917808219,False
30 best from 814 c.xlsx,2004,16.65573770491803,True
30 best from 814 c.xlsx,2005,13.486575342465754,False
30 best from 814 c.xlsx,2006,11.403835616438355,False
30 best from 814 c.xlsx,2007,16.59150684931507,False
30 best from 814 c.xlsx,2008,16.12568306010929,True
30 best from 814 c.xlsx,2009,13.350136986301369,False
30 best from 824 c.xlsx,1981,9.542191780821916,False
30 best from 824 c.xlsx,1982,9.682979452054795,False
30 best from 824 c.xlsx,1983,9.88783268101096,False
30 best from 824 c.xlsx,1984,11.563861241215848,True
30 best from 824 c.xlsx,1985,9.773028375739727,False
30 best from 824 c.xlsx,1986,11.12421722112055,False
30 best from 824 c.xlsx,1987,10.189505327246573,False
30 best from 824 c.xlsx,1988,12.136851092896174,True
30 best from 824 c.xlsx,1989,10.411623178956164,False
30 best from 824 c.xlsx,1990,12.362560882819176,False
30 best from 824 c.xlsx,1991,8.718481735161644,False
30 best from 824 c.xlsx,1992,7.3310109289754095,True
30 best from 824 c.xlsx,1993,9.413961187232877,False
30 best from 824 c.xlsx,1994,9.504998912810958,False
30 best from 824 c.xlsx,1995,12.28561317678356,False
30 best from 824 c.xlsx,1996,10.467022291612022,True
30 best from 824 c.xlsx,1997,10.938306697095891,False
30 best from 824 c.xlsx,1998,11.301700913252054,False
30 best from 824 c.xlsx,1999,9.38644596650685,False
30 best from 824 c.xlsx,2000,12.905396174868853,True
30 best from 824 c.xlsx,2001,10.268576864526027,False
30 best from 824 c.xlsx,2002,10.459988584473972,False
30 best from 824 c.xlsx,2003,12.399684170476712,False
30 best from 824 c.xlsx,2004,10.32607771706011,True
30 best from 824 c.xlsx,2005,9.556012176545206,False
30 best from 824 c.xlsx,2006,8.984714611879452,False
30 best from 824 c.xlsx,2007,10.550517503797261,False
30 best from 824 c.xlsx,2008,11.850114385459015,True
30 best from 902 c.xlsx,1981,6.477351598172602,False
30 best from 902 c.xlsx,1982,5.488297455969863,False
30 best from 902 c.xlsx,1983,4.643371167635616,False
30 best from 902 c.xlsx,1984,5.957390059849727,True
30 best from 902 c.xlsx,1985,5.9013600782684925,False
30 best from 902 c.xlsx,1986,4.7027005870712335,False
30 best from 902 c.xlsx,1987,5.614325505545206,False
30 best from 902 c.xlsx,1988,4.8939565443661195,True
30 best from 902 c.xlsx,1989,5.022583170254794,False
30 best from 902 c.xlsx,1990,4.523470319635617,False
30 best from 902 c.xlsx,1991,5.097260273972603,False
30 best from 902 c.xlsx,1992,4.362841530054645,True
30 best from 902 c.xlsx,1993,5.155921395956164,False
30 best from 902 c.xlsx,1994,5.335890410958904,False
30 best from 902 c.xlsx,1995,5.376863992172603,False
30 best from 902 c.xlsx,1996,4.873770491803279,True
30 best from 902 c.xlsx,1997,5.866301369863013,False
30 best from 902 c.xlsx,1998,7.2534246575342465,False
30 best from 902 c.xlsx,1999,6.9641095890410964,False
30 best from 902 c.xlsx,2000,5.600819672131148,True
30 best from 902 c.xlsx,2001,6.4112328767123286,False
30 best from 902 c.xlsx,2002,7.255981735158903,False
30 best from 902 c.xlsx,2003,7.386027397260273,False
30 best from 902 c.xlsx,2004,5.580840163934426,True
30 best from 902 c.xlsx,2005,4.747488584473973,False
30 best from 902 c.xlsx,2006,5.498520547945206,False
30 best from 902 c.xlsx,2007,7.513972602739726,False
30 best from 902 c.xlsx,2008,4.879781420765028,True
30 best from 902 c.xlsx,2009,5.25942161339452,False
30 best from 907 c.xlsx,1981,5.873872580986302,False
30 best from 907 c.xlsx,1982,4.940982822350686,False
30 best from 907 c.xlsx,1983,4.8138318112602745,False
30 best from 907 c.xlsx,1984,6.929278341565574,True
30 best from 907 c.xlsx,1985,7.767709284613699,False
30 best from 907 c.xlsx,1986,7.2690438138739735,False
30 best from 907 c.xlsx,1987,6.519790171778083,False
30 best from 907 c.xlsx,1988,5.6955536039617485,True
30 best from 907 c.xlsx,1989,5.572494564030137,False
30 best from 907 c.xlsx,1990,6.6953652968054795,False
30 best from 907 c.xlsx,1991,6.47538051750411,False
30 best from 907 c.xlsx,1992,5.607494687311476,True
30 best from 907 c.xlsx,1993,6.540838769287672,False
30 best from 907 c.xlsx,1994,4.308858447487671,False
30 best from 907 c.xlsx,1995,5.467427701673973,False
30 best from 907 c.xlsx,1996,3.829709319972678,True
30 best from 907 c.xlsx,1997,4.6597260273972605,False
30 best from 907 c.xlsx,1998,7.018976407917808,False
30 best from 907 c.xlsx,1999,4.752328767123287,False
30 best from 907 c.xlsx,2000,5.387431693989072,True
30 best from 907 c.xlsx,2001,5.214824961947945,False
30 best from 907 c.xlsx,2002,6.661501956876712,False
30 best from 907 c.xlsx,2003,6.185217438572602,False
30 best from 907 c.xlsx,2004,6.652561475409836,True
30 best from 907 c.xlsx,2005,5.795342465753425,False
30 best from 907 c.xlsx,2006,4.816316590561644,False
30 best from 907 c.xlsx,2007,7.416803652958904,False
30 best from 907 c.xlsx,2008,4.298603521557377,True
30 best from 907 c.xlsx,2009,4.253272450531507,False
30 best from 915 c.xlsx,1981,3.256516634057534,False
30 best from 915 c.xlsx,1982,3.5083920417589045,False
30 best from 915 c.xlsx,1983,4.5680218525671235,False
30 best from 915 c.xlsx,1984,4.303020101502732,True
30 best from 915 c.xlsx,1985,5.564779843438355,False
30 best from 915 c.xlsx,1986,5.367390410958905,False
30 best from 915 c.xlsx,1987,4.742536203523287,False
30 best from 915 c.xlsx,1988,4.567745901655738,True
30 best from 915 c.xlsx,1989,3.731237769071233,False
30 best from 915 c.xlsx,1990,5.181720482742466,False
30 best from 915 c.xlsx,1991,3.2541161121835613,False
30 best from 915 c.xlsx,1992,3.370374707237705,True
30 best from 915 c.xlsx,1993,6.052513046320549,False
30 best from 915 c.xlsx,1994,3.7461529680465753,False
30 best from 915 c.xlsx,1995,5.609722765802739,False
30 best from 915 c.xlsx,1996,4.342886958983607,True
30 best from 915 c.xlsx,1997,4.37879647749589,False
30 best from 915 c.xlsx,1998,4.814633072419178,False
30 best from 915 c.xlsx,1999,5.611232876712329,False
30 best from 915 c.xlsx,2000,4.130722525792349,True
30 best from 915 c.xlsx,2001,3.7454794520547945,False
30 best from 915 c.xlsx,2002,5.315890410958904,False
30 best from 915 c.xlsx,2003,4.066575342465753,False
30 best from 915 c.xlsx,2004,3.8404371584699453,True
30 best from 915 c.xlsx,2005,3.5238356164383564,False
30 best from 915 c.xlsx,2006,3.4704109589041097,False
30 best from 915 c.xlsx,2007,4.244931506849316,False
30 best from 915 c.xlsx,2008,3.131486902598361,True
30 best from 915 c.xlsx,2009,3.5203767123287673,False
